,Pg_max,Pg_min,Qg_max,Qg_min,C_Pg
30,10.4,0,4,1.4,6.724778
31,6.46,0,3,-1,14.707625
32,7.25,0,3,1.5,24.804734
33,6.52,0,2.5,0,34.844643
34,5.08,0,1.67,0,24.652994
35,6.87,0,3,-1,32.306483
36,5.8,0,2.4,0,18.157477
37,5.64,0,2.5,0,31.550181
38,8.65,0,3,-1.5,22.503168
39,11,0,3,-1,27.434444
